{
  "web_search": {
    "failures": [
      1759180221.55752,
      1759180221.581949,
      1759180221.606355
    ],
    "state": "open",
    "opened_at": 1759180221.606355
  }
}